{
  "sequence_length": 60,
  "prediction_horizon": 1,
  "lstm_units": [
    128,
    64,
    32
  ],
  "dropout_rate": 0.2,
  "feature_names": [
    "open",
    "high",
    "low",
    "close",
    "volume",
    "sma_20",
    "sma_50",
    "ema_12",
    "ema_26",
    "rsi",
    "macd",
    "macd_signal",
    "macd_histogram",
    "bb_upper",
    "bb_middle",
    "bb_lower",
    "returns",
    "returns_5d",
    "returns_10d",
    "returns_20d",
    "volatility_5d",
    "volatility_10d",
    "volatility_20d",
    "high_low_ratio",
    "close_open_ratio",
    "volume_sma_5",
    "volume_ratio",
    "close_lag_1",
    "returns_lag_1",
    "close_lag_2",
    "returns_lag_2",
    "close_lag_3",
    "returns_lag_3",
    "close_lag_5",
    "returns_lag_5",
    "close_lag_7",
    "returns_lag_7",
    "sentiment_score",
    "news_count",
    "sentiment_lag_1",
    "sentiment_lag_3",
    "sentiment_ma_5"
  ],
  "metrics": {
    "mse": 321425.7764057364,
    "rmse": 566.9442445300388,
    "mae": 417.4819013614877,
    "r2": 0.05333808795018158,
    "mape": 15.759236699375014
  },
  "training_history": {
    "loss": [
      0.004008420743048191,
      0.0008041911642067134,
      0.000554425292648375,
      0.0004165680438745767,
      0.00037548900581896305,
      0.00031624038820154965,
      0.0002559539570938796,
      0.00023222008894663304,
      0.00023123016580939293,
      0.00021160686446819454,
      0.0002140357973985374,
      0.00019362282182555646,
      0.00018813248607330024,
      0.00018643283692654222,
      0.0001675789972068742,
      0.0001715711987344548
    ],
    "mae": [
      0.042438820004463196,
      0.021575234830379486,
      0.017699062824249268,
      0.015348906628787518,
      0.014321155846118927,
      0.013106918893754482,
      0.011817831546068192,
      0.01124382670968771,
      0.011135283857584,
      0.010661537759006023,
      0.010671769268810749,
      0.010201213881373405,
      0.010069215670228004,
      0.009819797240197659,
      0.00941356923431158,
      0.009439469315111637
    ],
    "val_loss": [
      0.020726237446069717,
      0.02986704558134079,
      0.02335781417787075,
      0.028578052297234535,
      0.025561142712831497,
      0.027636833488941193,
      0.024621156975626945,
      0.024685032665729523,
      0.0242634080350399,
      0.02266179770231247,
      0.024615652859210968,
      0.023031672462821007,
      0.024211185052990913,
      0.023268643766641617,
      0.023256389424204826,
      0.02366749569773674
    ],
    "val_mae": [
      0.10601261258125305,
      0.14295151829719543,
      0.11849243938922882,
      0.13913001120090485,
      0.12479087710380554,
      0.13296230137348175,
      0.12253773957490921,
      0.12115668505430222,
      0.11732953041791916,
      0.11607527732849121,
      0.12124903500080109,
      0.11488025635480881,
      0.11668189615011215,
      0.11439059674739838,
      0.11486521363258362,
      0.11705240607261658
    ],
    "learning_rate": [
      0.0010000000474974513,
      0.0010000000474974513,
      0.0010000000474974513,
      0.0010000000474974513,
      0.0010000000474974513,
      0.0010000000474974513,
      0.0005000000237487257,
      0.0005000000237487257,
      0.0005000000237487257,
      0.0005000000237487257,
      0.0005000000237487257,
      0.0002500000118743628,
      0.0002500000118743628,
      0.0002500000118743628,
      0.0002500000118743628,
      0.0002500000118743628
    ]
  }
}