{
  "sequence_length": 90,
  "prediction_horizon": 1,
  "lstm_units": [
    256,
    128,
    64
  ],
  "dropout_rate": 0.3,
  "feature_names": [
    "open",
    "high",
    "low",
    "close",
    "volume",
    "sma_20",
    "sma_50",
    "ema_12",
    "ema_26",
    "rsi",
    "macd",
    "macd_signal",
    "macd_histogram",
    "bb_upper",
    "bb_middle",
    "bb_lower",
    "returns",
    "returns_5d",
    "returns_10d",
    "returns_20d",
    "volatility_5d",
    "volatility_10d",
    "volatility_20d",
    "high_low_ratio",
    "close_open_ratio",
    "volume_sma_5",
    "volume_ratio",
    "close_lag_1",
    "returns_lag_1",
    "close_lag_2",
    "returns_lag_2",
    "close_lag_3",
    "returns_lag_3",
    "close_lag_5",
    "returns_lag_5",
    "close_lag_7",
    "returns_lag_7",
    "sentiment_score",
    "news_count",
    "sentiment_lag_1",
    "sentiment_lag_3",
    "sentiment_ma_5"
  ],
  "metrics": {
    "mse": 280413.2718511003,
    "rmse": 529.5406234191106,
    "mae": 424.22095931021437,
    "r2": 0.175122294159907,
    "mape": 16.692647976343075
  },
  "training_history": {
    "loss": [
      0.006193374749273062,
      0.0012322067050263286,
      0.0008721197955310345,
      0.0006658795173279941,
      0.0005838974611833692,
      0.00044946742127649486,
      0.0004587750299833715,
      0.00041474797762930393,
      0.0003864685131702572,
      0.000334170792484656,
      0.0003133588470518589,
      0.0002788247657008469,
      0.0002591121010482311,
      0.0002473448112141341,
      0.0002583117748145014,
      0.00023177779803518206,
      0.00022613645705860108,
      0.00022865670325700194,
      0.00025527787511236966,
      0.0002118499542120844,
      0.00020759153994731605,
      0.00020050663442816585,
      0.0001608531892998144,
      0.00015315406199079007,
      0.0001483147352701053,
      0.00014149431081023067,
      0.00014190601359587163,
      0.0001472990697948262,
      0.00013457708701025695,
      0.00012551044346764684,
      0.0001323599717579782,
      0.00011066604201914743,
      0.00011901623656740412
    ],
    "mae": [
      0.05286344140768051,
      0.026425115764141083,
      0.022094476968050003,
      0.01912522502243519,
      0.01796809770166874,
      0.015701057389378548,
      0.015609544701874256,
      0.014808755367994308,
      0.01457239780575037,
      0.013305059634149075,
      0.013037373311817646,
      0.012214207090437412,
      0.011731123551726341,
      0.011482947506010532,
      0.011667463928461075,
      0.011027669534087181,
      0.010791737586259842,
      0.011305686086416245,
      0.011904311366379261,
      0.01052136067301035,
      0.010669184848666191,
      0.010564123280346394,
      0.009332325309515,
      0.009086093865334988,
      0.008817341178655624,
      0.008572841994464397,
      0.008582799695432186,
      0.008990289643406868,
      0.008217036724090576,
      0.008082126267254353,
      0.008170802146196365,
      0.007642981596291065,
      0.007915962487459183
    ],
    "val_loss": [
      0.05580367520451546,
      0.04791160300374031,
      0.03072388842701912,
      0.037039615213871,
      0.031480416655540466,
      0.03028404898941517,
      0.02874007076025009,
      0.030508562922477722,
      0.029701225459575653,
      0.03037923015654087,
      0.02317560464143753,
      0.026280593127012253,
      0.027816690504550934,
      0.018941111862659454,
      0.022459611296653748,
      0.021606624126434326,
      0.020935136824846268,
      0.018081657588481903,
      0.021641606464982033,
      0.024794280529022217,
      0.022086305543780327,
      0.021398616954684258,
      0.023017439991235733,
      0.019925858825445175,
      0.02061404660344124,
      0.02189173363149166,
      0.01995019242167473,
      0.022272415459156036,
      0.019961470738053322,
      0.01926925592124462,
      0.01983548142015934,
      0.01981033943593502,
      0.021295474842190742
    ],
    "val_mae": [
      0.2049993872642517,
      0.19114089012145996,
      0.14645497500896454,
      0.16494640707969666,
      0.14752958714962006,
      0.14756616950035095,
      0.14294421672821045,
      0.14941231906414032,
      0.1441172957420349,
      0.14820097386837006,
      0.1248452365398407,
      0.1328529417514801,
      0.13812603056430817,
      0.10790939629077911,
      0.1227952241897583,
      0.12038696557283401,
      0.11783837527036667,
      0.10772386938333511,
      0.11905329674482346,
      0.1291707307100296,
      0.1151675432920456,
      0.11374266445636749,
      0.12399034202098846,
      0.11166669428348541,
      0.11489428579807281,
      0.11966118216514587,
      0.11220736056566238,
      0.11970717459917068,
      0.1108068972826004,
      0.10887458920478821,
      0.11211548000574112,
      0.11135233938694,
      0.11629804223775864
    ],
    "learning_rate": [
      0.0010000000474974513,
      0.0010000000474974513,
      0.0010000000474974513,
      0.0010000000474974513,
      0.0010000000474974513,
      0.0010000000474974513,
      0.0010000000474974513,
      0.0010000000474974513,
      0.0010000000474974513,
      0.0010000000474974513,
      0.0010000000474974513,
      0.0010000000474974513,
      0.0010000000474974513,
      0.0010000000474974513,
      0.0010000000474974513,
      0.0010000000474974513,
      0.0010000000474974513,
      0.0010000000474974513,
      0.0010000000474974513,
      0.0010000000474974513,
      0.0010000000474974513,
      0.0010000000474974513,
      0.0010000000474974513,
      0.0005000000237487257,
      0.0005000000237487257,
      0.0005000000237487257,
      0.0005000000237487257,
      0.0005000000237487257,
      0.0002500000118743628,
      0.0002500000118743628,
      0.0002500000118743628,
      0.0002500000118743628,
      0.0002500000118743628
    ]
  }
}